sentiment,trades,total_pnl,mean_pnl,median_pnl,std_pnl,win_rate,max_win,max_loss,profit_factor
Extreme Fear,10406,726880.007181,69.85200914674226,6.1279544999999995,1626.4273923988865,0.7577359215837017,115218.48,-31044.717218,2.1381197000231156
Fear,29808,3310156.225802,111.04925609910092,6.010164,1343.7310262733943,0.8536969940955448,135299.80308800002,-35705.501042,6.503309492692625
Neutral,18159,1270657.986599,69.9740066412798,4.389699,741.1168565291669,0.8201993501844815,48483.032577,-24510.75,4.23630383604603
Greed,25176,2120451.585929,84.2251186022005,4.6356470000000005,1576.5393984740301,0.7616777883698761,74438.35669599999,-118071.556516,2.990678551932539
Extreme Greed,20853,2701505.448121,129.54996634158155,8.391439,1057.7032977971394,0.887881839543471,44207.973653999994,-10268.229064000001,10.898559862695524
